--UserLine Items
INSERT INTO UserLine (Name, Semester, InitiationYear) VALUES ('Line Jewels', 'Spring', 1974);
INSERT INTO UserLine (Name, Semester, InitiationYear) VALUES ('Eight Shades of Jade', 'Spring', 1975);
INSERT INTO UserLine (Name, Semester, InitiationYear) VALUES ('Pink Ladies and Crème De Menth', 'Spring', 1976);

--UserProfiles
INSERT INTO UserProfile (UserLine_Id, LinePosition, FirstName, MiddleName, LastName, LastNamePledge, Street, City, State, Zipcode, PhonePrimary, PhoneSecondary, Birthday, DateofDeath, DateofDeathNot, Email, WorkName, WorkPosition, WorkStreet, WorkCity, WorkState, WorkZipcode, WorkPhone, MailingStreet, MailingCity, MailingState, MailingZipcode, CurrentChapter, EmergencyName, EmergencyPhone, EmergencyEmail, Facebook, Twitter, Instagram, Website) VALUES (1, '01', 'Patricia', NULL, NULL, 'Forrest', NULL, NULL, NULL, NULL, NULL, '8567575555', '1900-08-17', NULL, NULL, NULL, 'Some Company', 'Senior Investigator', NULL, NULL, NULL, NULL, NULL, NULL, NULL, NULL, NULL, 'Xi Omega', NULL, NULL, NULL, 'www.facebook.com/lsanchezartu', NULL, NULL, 'www.lsanchezartu.com');
INSERT INTO UserProfile (UserLine_Id, LinePosition, FirstName, MiddleName, LastName, LastNamePledge, Street, City, State, Zipcode, PhonePrimary, PhoneSecondary, Birthday, DateofDeath, DateofDeathNot, Email, WorkName, WorkPosition, WorkStreet, WorkCity, WorkState, WorkZipcode, WorkPhone, MailingStreet, MailingCity, MailingState, MailingZipcode, CurrentChapter, EmergencyName, EmergencyPhone, EmergencyEmail, Facebook, Twitter, Instagram, Website) VALUES (1, '02', 'Mary', NULL, NULL, 'Collier', '5 Bonita Vista Rd', 'Mount Vernon', 'NY', '10552', NULL, '9146671234', '1900-03-24', NULL, NULL, 'm.collier@earthlink.net', NULL, NULL, NULL, NULL, NULL, NULL, NULL, NULL, NULL, NULL, NULL, NULL, NULL, NULL, NULL, NULL, NULL, NULL, NULL);
INSERT INTO UserProfile (UserLine_Id, LinePosition, FirstName, MiddleName, LastName, LastNamePledge, Street, City, State, Zipcode, PhonePrimary, PhoneSecondary, Birthday, DateofDeath, DateofDeathNot, Email, WorkName, WorkPosition, WorkStreet, WorkCity, WorkState, WorkZipcode, WorkPhone, MailingStreet, MailingCity, MailingState, MailingZipcode, CurrentChapter, EmergencyName, EmergencyPhone, EmergencyEmail, Facebook, Twitter, Instagram, Website) VALUES (1, '03', 'Deborah', 'L.', '(Rack)', 'Green-Cook', '389 N Arlington Ave', 'East Orange', 'New Jersey', '7017', '9734354321', '9736266262', '1900-01-08', NULL, NULL, 'racksammy@hotmail.com', 'State of New Jersey (DCA)', NULL, NULL, NULL, NULL, NULL, NULL, NULL, NULL, NULL, NULL, NULL, NULL, NULL, NULL, NULL, NULL, NULL, NULL);
INSERT INTO UserProfile (UserLine_Id, LinePosition, FirstName, MiddleName, LastName, LastNamePledge, Street, City, State, Zipcode, PhonePrimary, PhoneSecondary, Birthday, DateofDeath, DateofDeathNot, Email, WorkName, WorkPosition, WorkStreet, WorkCity, WorkState, WorkZipcode, WorkPhone, MailingStreet, MailingCity, MailingState, MailingZipcode, CurrentChapter, EmergencyName, EmergencyPhone, EmergencyEmail, Facebook, Twitter, Instagram, Website) VALUES (1, '04', 'Ann', NULL, 'Stone', 'Bush', '3101 Claremont Street', 'Philadelphia', 'Pa', '19107', NULL, '6092402987', '1900-09-16', NULL, NULL, 'Annstone916@hotmail.com', 'State of Whowhat Judiciary', 'Retired Circuit Court Judge', NULL, NULL, NULL, NULL, NULL, NULL, NULL, NULL, NULL, 'Beta Rho Omega', NULL, NULL, NULL, NULL, NULL, NULL, NULL);
INSERT INTO UserProfile (UserLine_Id, LinePosition, FirstName, MiddleName, LastName, LastNamePledge, Street, City, State, Zipcode, PhonePrimary, PhoneSecondary, Birthday, DateofDeath, DateofDeathNot, Email, WorkName, WorkPosition, WorkStreet, WorkCity, WorkState, WorkZipcode, WorkPhone, MailingStreet, MailingCity, MailingState, MailingZipcode, CurrentChapter, EmergencyName, EmergencyPhone, EmergencyEmail, Facebook, Twitter, Instagram, Website) VALUES (1, '05', 'Pamela', NULL, 'Tiegue', 'Brynn', '201 W Maple Ave', 'Pennsauken', 'New Jersey', '8109', NULL, '8561613210', '1900-03-29', NULL, NULL, 'pamika@live.net', 'Merchantville City Schools', 'Director of Special Services', '205 Ashland Street', 'Maple Shade', 'NJ', NULL, NULL, NULL, NULL, NULL, NULL, NULL, NULL, NULL, NULL, NULL, NULL, NULL, NULL);
INSERT INTO UserProfile (UserLine_Id, LinePosition, FirstName, MiddleName, LastName, LastNamePledge, Street, City, State, Zipcode, PhonePrimary, PhoneSecondary, Birthday, DateofDeath, DateofDeathNot, Email, WorkName, WorkPosition, WorkStreet, WorkCity, WorkState, WorkZipcode, WorkPhone, MailingStreet, MailingCity, MailingState, MailingZipcode, CurrentChapter, EmergencyName, EmergencyPhone, EmergencyEmail, Facebook, Twitter, Instagram, Website) VALUES (1, '06', 'Yvette', NULL, 'Lincoln', 'Brown', NULL, NULL, NULL, NULL, NULL, '3015537744', '190-08-21', NULL, NULL, 'yvettebaka@verizon.net', NULL, NULL, NULL, NULL, NULL, NULL, NULL, NULL, NULL, NULL, NULL, NULL, NULL, NULL, NULL, NULL, NULL, NULL, NULL);
INSERT INTO UserProfile (UserLine_Id, LinePosition, FirstName, MiddleName, LastName, LastNamePledge, Street, City, State, Zipcode, PhonePrimary, PhoneSecondary, Birthday, DateofDeath, DateofDeathNot, Email, WorkName, WorkPosition, WorkStreet, WorkCity, WorkState, WorkZipcode, WorkPhone, MailingStreet, MailingCity, MailingState, MailingZipcode, CurrentChapter, EmergencyName, EmergencyPhone, EmergencyEmail, Facebook, Twitter, Instagram, Website) VALUES (1, '07', 'Myrielle', NULL, NULL, 'Smith', NULL, NULL, NULL, NULL, NULL, '7043003000', '1900-10-18', NULL, NULL, 'msmithjd@earthlink.net', NULL, NULL, NULL, NULL, NULL, NULL, NULL, NULL, NULL, NULL, NULL, NULL, NULL, NULL, NULL, NULL, NULL, NULL, NULL);
INSERT INTO UserProfile (UserLine_Id, LinePosition, FirstName, MiddleName, LastName, LastNamePledge, Street, City, State, Zipcode, PhonePrimary, PhoneSecondary, Birthday, DateofDeath, DateofDeathNot, Email, WorkName, WorkPosition, WorkStreet, WorkCity, WorkState, WorkZipcode, WorkPhone, MailingStreet, MailingCity, MailingState, MailingZipcode, CurrentChapter, EmergencyName, EmergencyPhone, EmergencyEmail, Facebook, Twitter, Instagram, Website) VALUES (1, '08', 'Donna', NULL, 'Adrine-Smith', 'Johnson', '292 Upper Brushy Face Rd', 'Highlands', 'NC', '28741', NULL, '8288683080', '1900-03-04', NULL, NULL, NULL, 'Smith Made Property', 'Chief Executive Officer', '1205 Highland Rd', 'Highlands', 'NC', '28741', '(828) 568-3680', NULL, NULL, NULL, NULL, NULL, NULL, NULL, NULL, NULL, NULL, NULL, NULL);
INSERT INTO UserProfile (UserLine_Id, LinePosition, FirstName, MiddleName, LastName, LastNamePledge, Street, City, State, Zipcode, PhonePrimary, PhoneSecondary, Birthday, DateofDeath, DateofDeathNot, Email, WorkName, WorkPosition, WorkStreet, WorkCity, WorkState, WorkZipcode, WorkPhone, MailingStreet, MailingCity, MailingState, MailingZipcode, CurrentChapter, EmergencyName, EmergencyPhone, EmergencyEmail, Facebook, Twitter, Instagram, Website) VALUES (1, '09', 'Donna', NULL, 'Montague-Barkley', 'Montague', '7410 4th St #325', NULL, NULL, NULL, NULL, '3019109100', '1900-07-25', NULL, NULL, 'jhingikaromas@gmail.com', NULL, NULL, NULL, NULL, NULL, NULL, NULL, NULL, NULL, NULL, NULL, NULL, NULL, NULL, NULL, NULL, NULL, NULL, NULL);
INSERT INTO UserProfile (UserLine_Id, LinePosition, FirstName, MiddleName, LastName, LastNamePledge, Street, City, State, Zipcode, PhonePrimary, PhoneSecondary, Birthday, DateofDeath, DateofDeathNot, Email, WorkName, WorkPosition, WorkStreet, WorkCity, WorkState, WorkZipcode, WorkPhone, MailingStreet, MailingCity, MailingState, MailingZipcode, CurrentChapter, EmergencyName, EmergencyPhone, EmergencyEmail, Facebook, Twitter, Instagram, Website) VALUES (1, '10', 'Gertrude', NULL, NULL, 'Robbins', NULL, NULL, NULL, NULL, NULL, NULL, NULL, NULL, NULL, NULL, NULL, NULL, NULL, NULL, NULL, NULL, NULL, NULL, NULL, NULL, NULL, NULL, NULL, NULL, NULL, NULL, NULL, NULL, NULL);
INSERT INTO UserProfile (UserLine_Id, LinePosition, FirstName, MiddleName, LastName, LastNamePledge, Street, City, State, Zipcode, PhonePrimary, PhoneSecondary, Birthday, DateofDeath, DateofDeathNot, Email, WorkName, WorkPosition, WorkStreet, WorkCity, WorkState, WorkZipcode, WorkPhone, MailingStreet, MailingCity, MailingState, MailingZipcode, CurrentChapter, EmergencyName, EmergencyPhone, EmergencyEmail, Facebook, Twitter, Instagram, Website) VALUES (2, '01', 'Darlene', NULL, 'Young', 'Williams', '10608 Brighton Ave', 'Cleveland', 'OH', '44110', '2168882975', '2168680456', '1900-12-05', NULL, NULL, 'Darlene_Young@grad.somewhere.edu', 'Graduate School, somewhere', 'Senior Program Specialist', NULL, NULL, NULL, NULL, '(216) 324-3434', NULL, NULL, NULL, NULL, NULL, NULL, NULL, NULL, NULL, NULL, NULL, NULL);
INSERT INTO UserProfile (UserLine_Id, LinePosition, FirstName, MiddleName, LastName, LastNamePledge, Street, City, State, Zipcode, PhonePrimary, PhoneSecondary, Birthday, DateofDeath, DateofDeathNot, Email, WorkName, WorkPosition, WorkStreet, WorkCity, WorkState, WorkZipcode, WorkPhone, MailingStreet, MailingCity, MailingState, MailingZipcode, CurrentChapter, EmergencyName, EmergencyPhone, EmergencyEmail, Facebook, Twitter, Instagram, Website) VALUES (2, '02', 'Vanessa', NULL, NULL, 'Tingle', '25 Woodlawn Road', 'Randolph', 'MA', '2368', NULL, NULL, NULL, NULL, NULL, NULL, 'Fleet Federal Savings', NULL, NULL, NULL, NULL, NULL, NULL, NULL, NULL, NULL, NULL, NULL, NULL, NULL, NULL, NULL, NULL, NULL, NULL);
INSERT INTO UserProfile (UserLine_Id, LinePosition, FirstName, MiddleName, LastName, LastNamePledge, Street, City, State, Zipcode, PhonePrimary, PhoneSecondary, Birthday, DateofDeath, DateofDeathNot, Email, WorkName, WorkPosition, WorkStreet, WorkCity, WorkState, WorkZipcode, WorkPhone, MailingStreet, MailingCity, MailingState, MailingZipcode, CurrentChapter, EmergencyName, EmergencyPhone, EmergencyEmail, Facebook, Twitter, Instagram, Website) VALUES (2, '03', 'Selena', NULL, NULL, 'Kansas', NULL, NULL, NULL, NULL, NULL, NULL, '1900-04-06', NULL, NULL, NULL, NULL, NULL, NULL, NULL, NULL, NULL, NULL, NULL, NULL, NULL, NULL, NULL, NULL, NULL, NULL, NULL, NULL, NULL, NULL);
INSERT INTO UserProfile (UserLine_Id, LinePosition, FirstName, MiddleName, LastName, LastNamePledge, Street, City, State, Zipcode, PhonePrimary, PhoneSecondary, Birthday, DateofDeath, DateofDeathNot, Email, WorkName, WorkPosition, WorkStreet, WorkCity, WorkState, WorkZipcode, WorkPhone, MailingStreet, MailingCity, MailingState, MailingZipcode, CurrentChapter, EmergencyName, EmergencyPhone, EmergencyEmail, Facebook, Twitter, Instagram, Website) VALUES (2, '04', 'Denise', NULL, 'Lowery', 'Links', '536 W Farms Rd', 'Howell', 'NJ', '7731', '6318568566', '7328658659', '1900-08-10', NULL, NULL, 'dmlowery@optonline.net', 'Financial Freedom, LLC', 'Managing Director', NULL, NULL, NULL, NULL, NULL, NULL, NULL, NULL, NULL, NULL, NULL, NULL, NULL, NULL, NULL, NULL, NULL);
INSERT INTO UserProfile (UserLine_Id, LinePosition, FirstName, MiddleName, LastName, LastNamePledge, Street, City, State, Zipcode, PhonePrimary, PhoneSecondary, Birthday, DateofDeath, DateofDeathNot, Email, WorkName, WorkPosition, WorkStreet, WorkCity, WorkState, WorkZipcode, WorkPhone, MailingStreet, MailingCity, MailingState, MailingZipcode, CurrentChapter, EmergencyName, EmergencyPhone, EmergencyEmail, Facebook, Twitter, Instagram, Website) VALUES (2, '05', 'Murel', NULL, NULL, 'Smith', NULL, NULL, NULL, NULL, NULL, NULL, '1900-06-6', NULL, '2017-11-11', NULL, NULL, 'IVY BEYOND THE WALL', NULL, NULL, NULL, NULL, NULL, NULL, NULL, NULL, NULL, NULL, NULL, NULL, NULL, NULL, NULL, NULL, NULL);
INSERT INTO UserProfile (UserLine_Id, LinePosition, FirstName, MiddleName, LastName, LastNamePledge, Street, City, State, Zipcode, PhonePrimary, PhoneSecondary, Birthday, DateofDeath, DateofDeathNot, Email, WorkName, WorkPosition, WorkStreet, WorkCity, WorkState, WorkZipcode, WorkPhone, MailingStreet, MailingCity, MailingState, MailingZipcode, CurrentChapter, EmergencyName, EmergencyPhone, EmergencyEmail, Facebook, Twitter, Instagram, Website) VALUES (3, '01', 'Corinne', NULL, 'Ball', 'Staton', '1224 White Wood Way', 'West Chester', 'PA', '19382', NULL, '6108888080', '1900-08-13', NULL, NULL, 'CSBell8080@farmfresh.net', NULL, 'Marketing Manager', NULL, NULL, NULL, NULL, NULL, NULL, NULL, NULL, NULL, NULL, NULL, NULL, NULL, NULL, NULL, NULL, NULL);
INSERT INTO UserProfile (UserLine_Id, LinePosition, FirstName, MiddleName, LastName, LastNamePledge, Street, City, State, Zipcode, PhonePrimary, PhoneSecondary, Birthday, DateofDeath, DateofDeathNot, Email, WorkName, WorkPosition, WorkStreet, WorkCity, WorkState, WorkZipcode, WorkPhone, MailingStreet, MailingCity, MailingState, MailingZipcode, CurrentChapter, EmergencyName, EmergencyPhone, EmergencyEmail, Facebook, Twitter, Instagram, Website) VALUES (3, '03', 'Ivy', 'Jean', NULL, 'Hammond', '165-45 137th Avenue #7G', NULL, NULL, NULL, '9175235235', '7186445555', '1900-11-30', NULL, NULL, 'diamondjean@hotmail.com', 'Large Agency', 'Assistant District Manager', NULL, NULL, NULL, NULL, '(212) 881-3104', NULL, NULL, NULL, NULL, NULL, NULL, NULL, NULL, NULL, NULL, NULL, NULL);
INSERT INTO UserProfile (UserLine_Id, LinePosition, FirstName, MiddleName, LastName, LastNamePledge, Street, City, State, Zipcode, PhonePrimary, PhoneSecondary, Birthday, DateofDeath, DateofDeathNot, Email, WorkName, WorkPosition, WorkStreet, WorkCity, WorkState, WorkZipcode, WorkPhone, MailingStreet, MailingCity, MailingState, MailingZipcode, CurrentChapter, EmergencyName, EmergencyPhone, EmergencyEmail, Facebook, Twitter, Instagram, Website) VALUES (3, '04', 'Daisy', NULL, 'Trapps', 'Washington', '11990 Market St Unit 1713', 'Reston', 'VA', '20190', NULL, '7030200904', '1900-02-18', NULL, NULL, NULL, NULL, NULL, NULL, NULL, NULL, NULL, NULL, NULL, NULL, NULL, NULL, NULL, NULL, NULL, NULL, NULL, NULL, NULL, NULL);
INSERT INTO UserProfile (UserLine_Id, LinePosition, FirstName, MiddleName, LastName, LastNamePledge, Street, City, State, Zipcode, PhonePrimary, PhoneSecondary, Birthday, DateofDeath, DateofDeathNot, Email, WorkName, WorkPosition, WorkStreet, WorkCity, WorkState, WorkZipcode, WorkPhone, MailingStreet, MailingCity, MailingState, MailingZipcode, CurrentChapter, EmergencyName, EmergencyPhone, EmergencyEmail, Facebook, Twitter, Instagram, Website) VALUES (3, '06', 'Donna', NULL, 'French', 'Brasille', '11705 Shadystone Ter', 'Mitchellville', 'MD', '20721-2767', '2402712711', '3018838833', NULL, NULL, NULL, 'dbrasille@yahoo.com', NULL, 'Stay-@-Home Mom/Self Employed', NULL, NULL, NULL, NULL, NULL, NULL, NULL, NULL, NULL, NULL, NULL, NULL, NULL, NULL, NULL, NULL, NULL);

--AccountPermissions
INSERT INTO AccountPermission (Name, Description) VALUES ('Admin', 'The user can edit all profiles and has access to the ACL.');
INSERT INTO AccountPermission (Name, Description) VALUES ('Regular', 'The user can only edit their own profile.');
INSERT INTO AccountPermission (Name, Description) VALUES ('Disable', 'The user cannot access the directory.');
INSERT INTO AccountPermission (Name, Description) VALUES ('IBTW', 'The user is disabled and deceased.');

--UserAccounts
INSERT INTO UserAccount (MemberId, AccountPermission_Id,Password) VALUES ('1974SL01PF', 1, '1974SL01PF');
INSERT INTO UserAccount (MemberId, AccountPermission_Id,Password) VALUES ('1975SE01DW', 2, '1975SE01DW');
INSERT INTO UserAccount (MemberId, AccountPermission_Id,Password) VALUES ('1976SP01CS', 3, '1976SP01CS');
INSERT INTO UserAccount (MemberId, AccountPermission_Id,Password) VALUES ('1974SL02MC', 4, '1974SL02MC');
INSERT INTO UserAccount (MemberId, AccountPermission_Id,Password) VALUES ('1975SE02VT', 2, '1975SE02VT');
INSERT INTO UserAccount (MemberId, AccountPermission_Id,Password) VALUES ('1974SL03DG', 2, '1974SL03DG');
INSERT INTO UserAccount (MemberId, AccountPermission_Id,Password) VALUES ('1975SE03SK', 2, '1975SE03SK');
INSERT INTO UserAccount (MemberId, AccountPermission_Id,Password) VALUES ('1976SP03IH', 2, '1976SP03IH');
INSERT INTO UserAccount (MemberId, AccountPermission_Id,Password) VALUES ('1974SL04AB', 2, '1974SL04AB');
INSERT INTO UserAccount (MemberId, AccountPermission_Id,Password) VALUES ('1975SE04DL', 2, '1975SE04DL');
INSERT INTO UserAccount (MemberId, AccountPermission_Id,Password) VALUES ('1976SP04DW', 2, '1976SP04DW');
INSERT INTO UserAccount (MemberId, AccountPermission_Id,Password) VALUES ('1974SL05PB', 2, '1974SL05PB');
INSERT INTO UserAccount (MemberId, AccountPermission_Id,Password) VALUES ('1975SE05MS', 2, '1975SE05MS');
INSERT INTO UserAccount (MemberId, AccountPermission_Id,Password) VALUES ('1974SL06YB', 2, '1974SL06YB');
INSERT INTO UserAccount (MemberId, AccountPermission_Id,Password) VALUES ('1976SP06DB', 2, '1976SP06DB');
INSERT INTO UserAccount (MemberId, AccountPermission_Id,Password) VALUES ('1974SL07MS', 2, '1974SL07MS');
INSERT INTO UserAccount (MemberId, AccountPermission_Id,Password) VALUES ('1974SL08DJ', 2, '1974SL08DJ');
INSERT INTO UserAccount (MemberId, AccountPermission_Id,Password) VALUES ('1974SL09DM', 2, '1974SL09DM');
INSERT INTO UserAccount (MemberId, AccountPermission_Id,Password) VALUES ('1974SL10GR', 2, '1974SL10GR');

--FamilyType
INSERT INTO FamilyType (Name, Description) VALUES ('Child', 'as in Child-Parent relationship');
INSERT INTO FamilyType (Name, Description) VALUES ('Honey-Do', 'Legal Husband or Wife');

--UserFamily
INSERT INTO UserFamily (MemberId, FamilyType_Id, FirstName, MiddleName, LastName, Gender) VALUES ('1974SL02MC', 1, 'Ife', NULL, NULL, NULL);
INSERT INTO UserFamily (MemberId, FamilyType_Id, FirstName, MiddleName, LastName, Gender) VALUES ('1974SL02MC', 1, 'Lauren', NULL, NULL, 'Female');
INSERT INTO UserFamily (MemberId, FamilyType_Id, FirstName, MiddleName, LastName, Gender) VALUES ('1974SL03DG', 2, 'Samuel', NULL, NULL, 'Male');
INSERT INTO UserFamily (MemberId, FamilyType_Id, FirstName, MiddleName, LastName, Gender) VALUES ('1974SL03DG', 2, 'James', NULL, NULL, 'GenderQueer');
INSERT INTO UserFamily (MemberId, FamilyType_Id, FirstName, MiddleName, LastName, Gender) VALUES ('1974SL04AB', 2, 'Daniel', NULL, NULL, 'Male');
INSERT INTO UserFamily (MemberId, FamilyType_Id, FirstName, MiddleName, LastName, Gender) VALUES ('1974SL04AB', 1, 'Shelley', NULL, NULL, 'Female');
INSERT INTO UserFamily (MemberId, FamilyType_Id, FirstName, MiddleName, LastName, Gender) VALUES ('1974SL04AB', 1, 'SororSusan', NULL, NULL, NULL);
INSERT INTO UserFamily (MemberId, FamilyType_Id, FirstName, MiddleName, LastName, Gender) VALUES ('1974SL05PB', 1, 'Keith', NULL, NULL, 'Male');
INSERT INTO UserFamily (MemberId, FamilyType_Id, FirstName, MiddleName, LastName, Gender) VALUES ('1974SL09DM', 1, 'Jordan', NULL, NULL, 'Male');
INSERT INTO UserFamily (MemberId, FamilyType_Id, FirstName, MiddleName, LastName, Gender) VALUES ('1974SL09DM', 1, 'Ghingi', NULL, NULL, NULL);
INSERT INTO UserFamily (MemberId, FamilyType_Id, FirstName, MiddleName, LastName, Gender) VALUES ('1974SL09DM', 1, 'Kala', NULL, NULL, 'Female');
INSERT INTO UserFamily (MemberId, FamilyType_Id, FirstName, MiddleName, LastName, Gender) VALUES ('1975SE01DW', 1, 'Steven', NULL, NULL, 'Male');
INSERT INTO UserFamily (MemberId, FamilyType_Id, FirstName, MiddleName, LastName, Gender) VALUES ('1975SE04DL', 2, 'Andrew', NULL, NULL, 'Male');
INSERT INTO UserFamily (MemberId, FamilyType_Id, FirstName, MiddleName, LastName, Gender) VALUES ('1975SE04DL', 1, 'Jose', NULL, NULL, 'Male');
INSERT INTO UserFamily (MemberId, FamilyType_Id, FirstName, MiddleName, LastName, Gender) VALUES ('1976SP01CS', 2, 'Irving', NULL, NULL, 'Male');
INSERT INTO UserFamily (MemberId, FamilyType_Id, FirstName, MiddleName, LastName, Gender) VALUES ('1976SP01CS', 1, 'Jason', NULL, NULL, 'Male');
INSERT INTO UserFamily (MemberId, FamilyType_Id, FirstName, MiddleName, LastName, Gender) VALUES ('1976SP04DW', 2, 'Travis', NULL, NULL, 'Male');
INSERT INTO UserFamily (MemberId, FamilyType_Id, FirstName, MiddleName, LastName, Gender) VALUES ('1976SP06DB', 2, 'Preston', NULL, NULL, 'Male');